true_label,TG_lr,RT_lr,DD_lr,TG_svm,RT_svm,DD_svm,TG_rf,RT_rf,DD_rf
0,0.3760163623314153,0.3546530630544024,0.4354465959331025,0.4209788021526346,0.37127086927754066,0.4398395137364706,0.19333333333333333,0.03333333333333333,0.58
0,0.4314589509698903,0.4472749551799015,0.5009462189587822,0.4877455919089966,0.4663818535655206,0.41728240425050117,0.49333333333333335,0.5033333333333333,0.24333333333333335
0,0.5901012412838041,0.5839527650842143,0.837786997453067,0.5252809637915309,0.6739542606196632,0.7302365460011896,0.5,0.69,0.7366666666666667
0,0.234447461986924,0.2856293920798838,0.23964529282458558,0.39308873657907456,0.3620033731441237,0.2595668195532488,0.23,0.21333333333333335,0.03
0,0.6581093031235734,0.8732058281214263,0.8587076417892533,0.6285700299163249,0.7154552191416153,0.8812652379582426,0.8,0.7033333333333334,0.8233333333333334
0,0.25778105002131413,0.2921581177189795,0.2649894567048567,0.3979831151234502,0.3613529140157555,0.2638122983423392,0.12,0.25666666666666665,0.15666666666666668
0,0.5318578669209576,0.4676663933653863,0.46186558964748126,0.4407680419845499,0.44139181772766606,0.5603379592377491,0.31333333333333335,0.32666666666666666,0.44666666666666666
0,0.15661020555213143,0.20306629526751446,0.5156896955513761,0.4684708218086354,0.5,0.6002286858557466,0.30666666666666664,0.44,0.51
0,0.18143757249479017,0.2685148244693003,0.17246204960182795,0.43025605613116025,0.3787360679252905,0.24718652333452745,0.4,0.23,0.09
0,0.5559823675314878,0.41858871419014254,0.5541723650324663,0.48982845065609304,0.4495422208734746,0.6762724654047609,0.34,0.54,0.47333333333333333
0,0.18951971850941138,0.244982244521758,0.2575938390931664,0.4333181059531295,0.4037033418050549,0.40054876354591273,0.18,0.36666666666666664,0.7933333333333333
0,0.7642090542050187,0.6079947869915945,0.8042205015959633,0.5693747132493097,0.6451190361359306,0.7682348063241484,0.5266666666666666,0.5333333333333333,0.9066666666666666
0,0.28758468260145753,0.35064523528588026,0.2604148758895824,0.45720640520605443,0.41592335788603507,0.3341014858334121,0.21333333333333335,0.6133333333333333,0.41333333333333333
0,0.43221190139664345,0.7182480009243879,0.40945768591035564,0.4890321362820618,0.6954344930454984,0.4668805741750126,0.47,0.78,0.7633333333333333
0,0.5545529130030691,0.3573897399482895,0.21969317337884733,0.5907958942923314,0.42005800538735,0.30103963807238027,0.8766666666666667,0.45,0.11666666666666667
0,0.39694831272039993,0.2988847559332014,0.30544948926670934,0.5,0.40277981352205405,0.35558354144317245,0.6366666666666667,0.38,0.2733333333333333
0,0.5968525376837894,0.762521815682838,0.6470142773599966,0.537899488914537,0.6722742132733701,0.6674135175563267,0.7566666666666667,0.8633333333333333,0.73
0,0.3408304120764699,0.3625247329885124,0.3248093164871963,0.47448699460738425,0.4207238265621215,0.34603415454241415,0.32666666666666666,0.12666666666666668,0.17333333333333334
0,0.3388933084284737,0.34821744062336873,0.2910775957146931,0.4656551956039429,0.4153065906115027,0.3387304811594036,0.41333333333333333,0.18,0.18333333333333332
0,0.2889275304909978,0.26055950930223926,0.210405045650346,0.5892365089111604,0.4151249367570118,0.3537459372402179,0.54,0.25,0.6233333333333333
0,0.5424243652097083,0.3418940370455103,0.4014568160441763,0.49288490027024234,0.41383038764473645,0.5247377833882081,0.6833333333333333,0.16,0.23333333333333334
0,0.2851723760653227,0.30408436767041813,0.287143498759467,0.44226256457277635,0.40401404656813317,0.2846528769350642,0.17666666666666667,0.6333333333333333,0.05
0,0.41591459570215644,0.397432347073479,0.2740050791177493,0.42577513581539506,0.41384986828958215,0.2815091851377567,0.3333333333333333,0.24,0.09
0,0.4339385469792561,0.3040735755358258,0.4230267310248776,0.44077466146668104,0.4136137668775978,0.5871157573673595,0.29333333333333333,0.6666666666666666,0.26666666666666666
0,0.39963365904009424,0.3801168621962525,0.21375194653387455,0.4307877996440294,0.4031586703535479,0.26515086469177973,0.25666666666666665,0.29,0.12666666666666668
0,0.514394939285537,0.3461558499885997,0.4193750638589773,0.46006955893748824,0.407919567268327,0.5559161713789103,0.49333333333333335,0.04,0.11
0,0.3555538548176438,0.44289810725296436,0.4491347591795519,0.47490514834255826,0.579552939215243,0.5236234918044953,0.5933333333333334,0.87,0.5433333333333333
0,0.5174489303764815,0.5085232904469732,0.43697201669167524,0.5341940120506948,0.5,0.3829495003790162,0.7833333333333333,0.5433333333333333,0.30333333333333334
0,0.4145077109986005,0.5078991187567915,0.21678967421814718,0.47298381260397077,0.4888639846560246,0.584647738796078,0.41,0.3566666666666667,0.3333333333333333
0,0.8141233358053719,0.6967344707674361,0.905979849604375,0.655112802083453,0.6646058116447539,0.7530960149984567,0.77,0.9333333333333333,0.9566666666666667
1,0.4141566089230954,0.34336678445512353,0.4014719518137941,0.3372781859396045,0.42689797122807754,0.6379712436729701,0.013333333333333334,0.2833333333333333,0.81
1,0.4156114561799057,0.5070786285662012,0.4313273579550331,0.43695131580646324,0.5235665371822438,0.3787637542934,0.36333333333333334,0.6566666666666666,0.77
1,0.08409203679674976,0.19190392065893994,0.1763465889800423,0.3837794606070305,0.3641279662083739,0.266566238414802,0.12,0.14,0.23666666666666666
1,0.732653678391082,0.8143639390792309,0.13198635206984094,0.5998805832323946,0.6513967027801028,0.6366233554366442,0.7633333333333333,0.9066666666666666,0.7666666666666667
1,0.4438430973800711,0.5050351095601545,0.46795320619048264,0.47393469182202963,0.5929431398378562,0.4340047833740462,0.7466666666666667,0.5266666666666666,0.5333333333333333
1,0.4638150754842582,0.4887651348005082,0.48725368738567,0.47438797237943353,0.513935868293068,0.42420662589972447,0.79,0.6533333333333333,0.54
1,0.3370809798825102,0.36860187326082755,0.32940340097430393,0.39777765394715675,0.3789572942411405,0.2903519656829294,0.4166666666666667,0.26,0.10333333333333333
1,0.6212800010051834,0.41192089460096126,0.4339491748363677,0.46294986748776623,0.38892043467984505,0.5097651197121051,0.6666666666666666,0.11333333333333333,0.11666666666666667
1,0.7435893529144081,0.82905016265756,0.959445337614973,0.6289531715235342,0.6229754347488065,0.7914703612292736,0.9266666666666666,0.9066666666666666,0.87
1,0.3698070997314543,0.2759455035623692,0.39077529469534117,0.38857325045795144,0.340365616096642,0.4280210578774397,0.25,0.03,0.63
1,0.49217588770388576,0.5524406638306489,0.5579304320902263,0.4767883073969237,0.584787726182078,0.684680887061352,0.5966666666666667,0.6166666666666667,0.57
1,0.45928903346488453,0.544216653928817,0.5278261443132249,0.45706233426026377,0.5903176977755488,0.5234259881686528,0.6766666666666666,0.7033333333333334,0.49
1,0.8640406213315214,0.8415345318074403,0.9628061362841073,0.6786127518658145,0.6534097517745334,0.7984044432095708,0.93,0.9366666666666666,0.97
1,0.7366767712649192,0.7167753460091969,0.8155360358842197,0.6462488090548941,0.6174604180199762,0.6873587375300857,0.7133333333333334,0.4666666666666667,0.64
1,0.7782551458540452,0.8116962913741993,0.8827364645827965,0.6645665263569618,0.6430459215072154,0.5739039915770471,0.9133333333333333,0.8566666666666667,0.8866666666666667
1,0.82712132690875,0.7697859209052197,0.8751989895830832,0.6665561207507954,0.6287180528045794,0.6986033329967609,0.9033333333333333,0.8433333333333334,0.8933333333333333
1,0.6780905530549878,0.6815816975133941,0.7354988502967449,0.6036517259297977,0.608481420632242,0.6997641654867227,0.6466666666666666,0.2833333333333333,0.6133333333333333
1,0.6752035508244331,0.7573185510048783,0.6717117610945225,0.6525069799665628,0.6138972146073501,0.6959649526828849,0.8033333333333333,0.6033333333333334,0.9233333333333333
1,0.4394642647650302,0.2892816818466457,0.46815328021362235,0.37133221257887267,0.38132256551717325,0.702378382212355,0.11666666666666667,0.20333333333333334,0.7833333333333333
1,0.2994496225549511,0.27083427013762795,0.2911391473032279,0.33478459834940866,0.3471745012291502,0.4442269137862699,0.28,0.06333333333333334,0.68
1,0.8221891832462848,0.9430164120029995,0.9123290115683823,0.6534848713520118,0.5741921764044132,0.6369531952602866,0.8666666666666667,0.98,0.8233333333333334
1,0.5891280295038599,0.4771009371546047,0.5419113731937836,0.4819578143084274,0.4245915281358093,0.33711614250023786,0.056666666666666664,0.13333333333333333,0.3466666666666667
1,0.1953900627786311,0.24305368605371602,0.25359970429273915,0.3505504906099245,0.3678063810717727,0.28187244121731964,0.31666666666666665,0.33,0.20666666666666667
1,0.8930709514079888,0.6230837972529287,0.6876402202366572,0.5629413801873977,0.5580579798514467,0.6181281266163258,0.5733333333333334,0.42333333333333334,0.6133333333333333
1,0.23873789994472386,0.29991050496715843,0.15407356113251489,0.33838429695084227,0.3605036963814953,0.2123785316091049,0.24333333333333335,0.09,0.03333333333333333
1,0.7604731095416639,0.8430982738201944,0.9854685533034283,0.6790104568061486,0.6254771357669919,0.7336583508167984,0.95,0.9433333333333334,0.9066666666666666
1,0.3310397454837037,0.41141653555718843,0.3013080500115793,0.3614170268454671,0.46823893663781185,0.36343557134590104,0.06,0.19333333333333333,0.4866666666666667
1,0.40117831894228234,0.48453354274108806,0.16209577434732325,0.41366199355952743,0.4191450296912746,0.40268492218085855,0.30666666666666664,0.32666666666666666,0.5233333333333333
1,0.887858016628448,0.9115176555420599,0.9739740154849829,0.6518627594299814,0.6134300577638834,0.7084559505331515,0.9833333333333333,0.9833333333333333,0.82
